{
  "tfidf": {
    "all": {
      "macro_f1": 0.8434,
      "accuracy": 0.8434,
      "classification_report": {
        "negative": {
          "precision": 0.8482731858750485,
          "recall": 0.8427139552814187,
          "f1-score": 0.8454844324115258,
          "support": 2594.0
        },
        "positive": {
          "precision": 0.838479809976247,
          "recall": 0.8441610203268234,
          "f1-score": 0.8413108242303873,
          "support": 2509.0
        },
        "accuracy": 0.8434254360180287,
        "macro avg": {
          "precision": 0.8433764979256477,
          "recall": 0.8434374878041211,
          "f1-score": 0.8433976283209565,
          "support": 5103.0
        },
        "weighted avg": {
          "precision": 0.8434580614129491,
          "recall": 0.8434254360180287,
          "f1-score": 0.8434323879422966,
          "support": 5103.0
        }
      },
      "confusion_matrix": [
        [
          2186,
          408
        ],
        [
          391,
          2118
        ]
      ]
    },
    "sarcastic": {
      "macro_f1": 0.7317,
      "accuracy": 0.8556,
      "classification_report": {
        "negative": {
          "precision": 0.9437229437229437,
          "recall": 0.8861788617886179,
          "f1-score": 0.9140461215932913,
          "support": 246.0
        },
        "positive": {
          "precision": 0.4716981132075472,
          "recall": 0.6578947368421053,
          "f1-score": 0.5494505494505495,
          "support": 38.0
        },
        "accuracy": 0.8556338028169014,
        "macro avg": {
          "precision": 0.7077105284652454,
          "recall": 0.7720367993153616,
          "f1-score": 0.7317483355219204,
          "support": 284.0
        },
        "weighted avg": {
          "precision": 0.8805646917525738,
          "recall": 0.8556338028169014,
          "f1-score": 0.8652622070108118,
          "support": 284.0
        }
      },
      "confusion_matrix": [
        [
          218,
          28
        ],
        [
          13,
          25
        ]
      ]
    },
    "straight": {
      "macro_f1": 0.8427,
      "accuracy": 0.8439,
      "classification_report": {
        "negative": {
          "precision": 0.8242827868852459,
          "recall": 0.833678756476684,
          "f1-score": 0.8289541473467285,
          "support": 1930.0
        },
        "positive": {
          "precision": 0.8604954367666232,
          "recall": 0.8523461041756349,
          "f1-score": 0.856401384083045,
          "support": 2323.0
        },
        "accuracy": 0.8438749118269457,
        "macro avg": {
          "precision": 0.8423891118259346,
          "recall": 0.8430124303261595,
          "f1-score": 0.8426777657148867,
          "support": 4253.0
        },
        "weighted avg": {
          "precision": 0.8440622333170446,
          "recall": 0.8438749118269457,
          "f1-score": 0.8439459016233481,
          "support": 4253.0
        }
      },
      "confusion_matrix": [
        [
          1609,
          321
        ],
        [
          343,
          1980
        ]
      ]
    }
  },
  "transformer": {
    "all": {
      "macro_f1": 0.8734,
      "accuracy": 0.8734,
      "classification_report": {
        "negative": {
          "precision": 0.8840694006309149,
          "recall": 0.8643022359290671,
          "f1-score": 0.8740740740740741,
          "support": 2594.0
        },
        "positive": {
          "precision": 0.8628749513050253,
          "recall": 0.8828218413710641,
          "f1-score": 0.8727344365642238,
          "support": 2509.0
        },
        "accuracy": 0.8734077993337253,
        "macro avg": {
          "precision": 0.8734721759679701,
          "recall": 0.8735620386500655,
          "f1-score": 0.873404255319149,
          "support": 5103.0
        },
        "weighted avg": {
          "precision": 0.8736486925457383,
          "recall": 0.8734077993337253,
          "f1-score": 0.8734154124020745,
          "support": 5103.0
        }
      },
      "confusion_matrix": [
        [
          2242,
          352
        ],
        [
          294,
          2215
        ]
      ]
    },
    "sarcastic": {
      "macro_f1": 0.7841,
      "accuracy": 0.8838,
      "classification_report": {
        "negative": {
          "precision": 0.961038961038961,
          "recall": 0.9024390243902439,
          "f1-score": 0.9308176100628931,
          "support": 246.0
        },
        "positive": {
          "precision": 0.5471698113207547,
          "recall": 0.7631578947368421,
          "f1-score": 0.6373626373626373,
          "support": 38.0
        },
        "accuracy": 0.8838028169014085,
        "macro avg": {
          "precision": 0.7541043861798579,
          "recall": 0.832798459563543,
          "f1-score": 0.7840901237127652,
          "support": 284.0
        },
        "weighted avg": {
          "precision": 0.9056621029780743,
          "recall": 0.8838028169014085,
          "f1-score": 0.8915525080818729,
          "support": 284.0
        }
      },
      "confusion_matrix": [
        [
          222,
          24
        ],
        [
          9,
          29
        ]
      ]
    },
    "straight": {
      "macro_f1": 0.8742,
      "accuracy": 0.8754,
      "classification_report": {
        "negative": {
          "precision": 0.864963503649635,
          "recall": 0.8595854922279793,
          "f1-score": 0.8622661122661123,
          "support": 1930.0
        },
        "positive": {
          "precision": 0.8839400428265525,
          "recall": 0.8885062419285407,
          "f1-score": 0.8862172606268784,
          "support": 2323.0
        },
        "accuracy": 0.8753820832353633,
        "macro avg": {
          "precision": 0.8744517732380938,
          "recall": 0.87404586707826,
          "f1-score": 0.8742416864464954,
          "support": 4253.0
        },
        "weighted avg": {
          "precision": 0.8753285402139376,
          "recall": 0.8753820832353633,
          "f1-score": 0.8753482937008782,
          "support": 4253.0
        }
      },
      "confusion_matrix": [
        [
          1659,
          271
        ],
        [
          259,
          2064
        ]
      ]
    }
  },
  "threshold": 2,
  "counts": {
    "total_test": 5103,
    "sarcastic_test": 284,
    "straight_test": 4253
  },
  "misclassified_examples": {
    "tfidf": [
      {
        "votes_funny": 166,
        "genre": "roleplay",
        "true": 0,
        "pred": 1,
        "text": "Nobody will read my review so I Will Eat 1 Tablespoon of ketchup For Every Like this gets REDEEM CODE WELCOMEORIGIN ORIGINSTEAM ORIGINDISCORD ORIGINX [Ctrl+C,Ctrl+V] This game only has 2 things going for it. 1) The 7 Deadly Sins IP 2) It's a fresh Gacha so it has the new game appeal. lastly i really do want this game to be the best gacha game but for me the best is still (wuthering waves) i really beg you guys to make some massive changes because these problems will genuinely kill the game for n"
      },
      {
        "votes_funny": 47,
        "genre": "shooter",
        "true": 1,
        "pred": 0,
        "text": "Stop looking at the launch reviews, it’s actually good now I get it. I was annoyed at launch too. The servers were busted, the progression system felt like a total grind, and it honestly felt like a unfinished mess. I uninstalled it and almost never looked back. But I jumped back in a few weeks ago and it’s night and day compared to what it was at release. First off, they finally fixed the progression. You actually get rewarded for playing the game and finishing heists now instead of doing weird"
      },
      {
        "votes_funny": 12,
        "genre": "strategy",
        "true": 1,
        "pred": 0,