{
  "pooled": {
    "en_to_ru": {
      "macro_f1": 0.7725,
      "accuracy": 0.7742,
      "classification_report": {
        "negative": {
          "precision": 0.8205054566341183,
          "recall": 0.6954722492697176,
          "f1-score": 0.752832674571805,
          "support": 8216.0
        },
        "positive": {
          "precision": 0.7408596582081823,
          "recall": 0.8512436034749494,
          "f1-score": 0.7922250526082623,
          "support": 8403.0
        },
        "accuracy": 0.7742343101269631,
        "macro avg": {
          "precision": 0.7806825574211503,
          "recall": 0.7733579263723336,
          "f1-score": 0.7725288635900336,
          "support": 16619.0
        },
        "weighted avg": {
          "precision": 0.7802344629417698,
          "recall": 0.7742343101269631,
          "f1-score": 0.7727504886785714,
          "support": 16619.0
        }
      },
      "confusion_matrix": [
        [
          5714,
          2502
        ],
        [
          1250,
          7153
        ]
      ]
    },
    "ru_to_en": {
      "macro_f1": 0.8387,
      "accuracy": 0.839,
      "classification_report": {
        "negative": {
          "precision": 0.8815945716709076,
          "recall": 0.7858168896953202,
          "f1-score": 0.8309549506335692,
          "support": 13227.0
        },
        "positive": {
          "precision": 0.8043913553821722,
          "recall": 0.8929940211559099,
          "f1-score": 0.8463801809001417,
          "support": 13046.0
        },
        "accuracy": 0.8390362729798653,
        "macro avg": {
          "precision": 0.8429929635265399,
          "recall": 0.839405455425615,
          "f1-score": 0.8386675657668554,
          "support": 26273.0
        },
        "weighted avg": {
          "precision": 0.8432588977964798,
          "recall": 0.8390362729798653,
          "f1-score": 0.8386144320044709,
          "support": 26273.0
        }
      },
      "confusion_matrix": [
        [
          10394,
          2833
        ],
        [
          1396,
          11650
        ]
      ]
    }
  },
  "per_genre": {
    "roguelike": {
      "en_to_ru": {
        "macro_f1": 0.7551,
        "accuracy": 0.7552,
        "classification_report": {
          "negative": {
            "precision": 0.7549085985104943,
            "recall": 0.7610921501706485,
            "f1-score": 0.7579877634262406,
            "support": 1465.0
          },
          "positive": {
            "precision": 0.7554157931516422,
            "recall": 0.7491337491337491,
            "f1-score": 0.7522616562282533,
            "support": 1443.0
          },
          "accuracy": 0.7551581843191196,
          "macro avg": {
            "precision": 0.7551621958310683,
            "recall": 0.7551129496521988,
            "f1-score": 0.7551247098272469,
            "support": 2908.0
          },
          "weighted avg": {
            "precision": 0.7551602772818755,
            "recall": 0.7551581843191196,
            "f1-score": 0.7551463697925763,
            "support": 2908.0
          }
        },
        "confusion_matrix": [
          [
            1115,
            350
          ],
          [
            362,
            1081
          ]
        ]
      },
      "ru_to_en": {
        "macro_f1": 0.8011,
        "accuracy": 0.8036,
        "classification_report": {
          "negative": {
            "precision": 0.8871527777777778,
            "recall": 0.6946080652469415,
            "f1-score": 0.7791613722998729,
            "support": 2207.0
          },
          "positive": {
            "precision": 0.75,
            "recall": 0.912043301759134,
            "f1-score": 0.8231223285161816,
            "support": 2217.0
          },
          "accuracy": 0.8035714285714286,
          "macro avg": {
            "precision": 0.8185763888888888,
            "recall": 0.8033256835030378,
            "f1-score": 0.8011418504080272,
            "support": 4424.0
          },
          "weighted avg": {
            "precision": 0.818421378968254,
            "recall": 0.8035714285714286,
            "f1-score": 0.8011915350330456,
            "support": 4424.0
          }
        },
        "confusion_matrix": [
          [
            1533,
            674
          ],
          [
            195,
            2022
          ]
        ]
      }
    },
    "roleplay": {
      "en_to_ru": {
        "macro_f1": 0.7969,
        "accuracy": 0.7975,
        "classification_report": {
          "negative": {
            "precision": 0.782416192283365,
            "recall": 0.8358108108108108,
            "f1-score": 0.8082326037242731,
            "support": 1480.0
          },
          "positive": {
            "precision": 0.8156297420333839,
            "recall": 0.7575757575757576,
            "f1-score": 0.7855316039459262,
            "support": 1419.0
          },
          "accuracy": 0.7975163849603312,
          "macro avg": {
            "precision": 0.7990229671583744,
            "recall": 0.7966932841932841,
            "f1-score": 0.7968821038350997,
            "support": 2899.0
          },
          "weighted avg": {
            "precision": 0.7986735317436191,
            "recall": 0.7975163849603312,
            "f1-score": 0.7971209380859584,
            "support": 2899.0
          }
        },
        "confusion_matrix": [
          [
            1237,
            243
          ],
          [
            344,
            1075
          ]
        ]
      },
      "ru_to_en": {
        "macro_f1": 0.8548,
        "accuracy": 0.855,
        "classification_report": {
          "negative": {
            "precision": 0.8925907508702138,
            "recall": 0.8103837471783296,
            "f1-score": 0.8495030761949834,
            "support": 2215.0
          },
          "positive": {
            "precision": 0.8232323232323232,
            "recall": 0.9005524861878453,
            "f1-score": 0.8601583113456465,
            "support": 2172.0
          },
          "accuracy": 0.85502621381354,
          "macro avg": {
            "precision": 0.8579115370512684,
            "recall": 0.8554681166830875,
            "f1-score": 0.854830693770315,
            "support": 4387.0
          },
          "weighted avg": {
            "precision": 0.8582514518436585,
            "recall": 0.85502621381354,
            "f1-score": 0.8547784741314411,
            "support": 4387.0
          }
        },
        "confusion_matrix": [
          [
            1795,
            420
          ],
          [
            216,
            1956
          ]
        ]
      }
    },
    "shooter": {
      "en_to_ru": {
        "macro_f1": 0.6994,
        "accuracy": 0.6995,
        "classification_report": {
          "negative": {
            "precision": 0.7082758620689655,
            "recall": 0.702943189596167,
            "f1-score": 0.7055994503607008,
            "support": 1461.0
          },
          "positive": {
            "precision": 0.6904422253922967,
            "recall": 0.6959022286125089,
            "f1-score": 0.6931614751163623,
            "support": 1391.0
          },
          "accuracy": 0.6995091164095372,
          "macro avg": {
            "precision": 0.6993590437306312,
            "recall": 0.6994227091043379,
            "f1-score": 0.6993804627385316,
            "support": 2852.0
          },
          "weighted avg": {
            "precision": 0.6995778997207025,
            "recall": 0.6995091164095372,
            "f1-score": 0.6995331026871823,
            "support": 2852.0
          }
        },
        "confusion_matrix": [
          [
            1027,
            434
          ],
          [
            423,
            968
          ]
        ]
      },
      "ru_to_en": {
        "macro_f1": 0.7897,
        "accuracy": 0.7909,
        "classification_report": {
          "negative": {
            "precision": 0.8376520359598096,