{
  "in_genre": {
    "roguelike": {
      "macro_f1": 0.8456,
      "accuracy": 0.8456,
      "classification_report": {
        "negative": {
          "precision": 0.8431818181818181,
          "recall": 0.8470319634703196,
          "f1-score": 0.8451025056947609,
          "support": 438.0
        },
        "positive": {
          "precision": 0.8480725623582767,
          "recall": 0.8442437923250564,
          "f1-score": 0.8461538461538461,
          "support": 443.0
        },
        "accuracy": 0.8456299659477866,
        "macro avg": {
          "precision": 0.8456271902700474,
          "recall": 0.8456378778976881,
          "f1-score": 0.8456281759243035,
          "support": 881.0
        },
        "weighted avg": {
          "precision": 0.8456410686587434,
          "recall": 0.8456299659477866,
          "f1-score": 0.8456311592967753,
          "support": 881.0
        }
      },
      "confusion_matrix": [
        [
          371,
          67
        ],
        [
          69,
          374
        ]
      ]
    },
    "roleplay": {
      "macro_f1": 0.8853,
      "accuracy": 0.8853,
      "classification_report": {
        "negative": {
          "precision": 0.8969555035128806,
          "recall": 0.8724373576309795,
          "f1-score": 0.8845265588914549,
          "support": 439.0
        },
        "positive": {
          "precision": 0.8741573033707866,
          "recall": 0.8983833718244804,
          "f1-score": 0.8861047835990888,
          "support": 433.0
        },
        "accuracy": 0.8853211009174312,
        "macro avg": {
          "precision": 0.8855564034418335,
          "recall": 0.8854103647277299,
          "f1-score": 0.8853156712452719,
          "support": 872.0
        },
        "weighted avg": {
          "precision": 0.8856348376166344,
          "recall": 0.8853211009174312,
          "f1-score": 0.8853102415731126,
          "support": 872.0
        }
      },
      "confusion_matrix": [
        [
          383,
          56
        ],
        [
          44,
          389
        ]
      ]
    },
    "shooter": {
      "macro_f1": 0.8829,
      "accuracy": 0.884,
      "classification_report": {
        "negative": {
          "precision": 0.8763796909492274,
          "recall": 0.9126436781609195,
          "f1-score": 0.8941441441441441,
          "support": 435.0
        },
        "positive": {
          "precision": 0.8935574229691877,
          "recall": 0.8506666666666667,
          "f1-score": 0.8715846994535519,
          "support": 375.0
        },
        "accuracy": 0.8839506172839506,
        "macro avg": {
          "precision": 0.8849685569592076,
          "recall": 0.8816551724137931,
          "f1-score": 0.8828644217988479,
          "support": 810.0
        },
        "weighted avg": {
          "precision": 0.8843323446621719,
          "recall": 0.8839506172839506,
          "f1-score": 0.8836999567873886,
          "support": 810.0
        }
      },
      "confusion_matrix": [
        [
          397,
          38
        ],
        [
          56,
          319
        ]
      ]
    },
    "simulation": {
      "macro_f1": 0.8808,
      "accuracy": 0.8808,
      "classification_report": {
        "negative": {
          "precision": 0.875,
          "recall": 0.8915094339622641,
          "f1-score": 0.883177570093458,
          "support": 424.0
        },
        "positive": {
          "precision": 0.8869778869778869,
          "recall": 0.8698795180722891,
          "f1-score": 0.878345498783455,
          "support": 415.0
        },
        "accuracy": 0.8808104886769964,
        "macro avg": {
          "precision": 0.8809889434889435,
          "recall": 0.8806944760172766,
          "f1-score": 0.8807615344384565,
          "support": 839.0
        },
        "weighted avg": {
          "precision": 0.8809246997566426,
          "recall": 0.8808104886769964,
          "f1-score": 0.8807874513882719,
          "support": 839.0
        }
      },
      "confusion_matrix": [
        [
          378,
          46
        ],
        [
          54,
          361
        ]
      ]
    },
    "strategy": {
      "macro_f1": 0.8631,
      "accuracy": 0.8631,
      "classification_report": {
        "negative": {
          "precision": 0.8808933002481389,
          "recall": 0.8432304038004751,
          "f1-score": 0.8616504854368932,
          "support": 421.0
        },
        "positive": {
          "precision": 0.8465116279069768,
          "recall": 0.883495145631068,
          "f1-score": 0.8646080760095012,
          "support": 412.0
        },
        "accuracy": 0.8631452581032413,
        "macro avg": {
          "precision": 0.8637024640775579,
          "recall": 0.8633627747157715,
          "f1-score": 0.8631292807231972,
          "support": 833.0
        },
        "weighted avg": {
          "precision": 0.8638881994023299,
          "recall": 0.8631452581032413,
          "f1-score": 0.8631133033431532,
          "support": 833.0
        }
      },
      "confusion_matrix": [
        [
          355,
          66
        ],
        [
          48,
          364
        ]
      ]
    },
    "survival": {
      "macro_f1": 0.8413,
      "accuracy": 0.8414,
      "classification_report": {
        "negative": {
          "precision": 0.8568019093078759,
          "recall": 0.8215102974828375,
          "f1-score": 0.8387850467289719,
          "support": 437.0
        },
        "positive": {
          "precision": 0.8270509977827051,
          "recall": 0.8614318706697459,
          "f1-score": 0.8438914027149321,
          "support": 433.0
        },
        "accuracy": 0.8413793103448276,
        "macro avg": {
          "precision": 0.8419264535452905,
          "recall": 0.8414710840762918,
          "f1-score": 0.8413382247219521,
          "support": 870.0
        },
        "weighted avg": {
          "precision": 0.8419948464453484,
          "recall": 0.8413793103448276,
          "f1-score": 0.8413264859725591,
          "support": 870.0
        }
      },
      "confusion_matrix": [
        [
          359,
          78
        ],
        [
          60,
          373
        ]
      ]
    }
  },
  "logo": {
    "roguelike": {
      "macro_f1": 0.8262,
      "accuracy": 0.8263,
      "classification_report": {
        "negative": {
          "precision": 0.8051391862955032,
          "recall": 0.8584474885844748,
          "f1-score": 0.830939226519337,
          "support": 438.0
        },
        "positive": {
          "precision": 0.8502415458937198,
          "recall": 0.7945823927765236,
          "f1-score": 0.8214702450408401,
          "support": 443.0
        },
        "accuracy": 0.8263337116912599,
        "macro avg": {
          "precision": 0.8276903660946116,
          "recall": 0.8265149406804992,
          "f1-score": 0.8262047357800886,
          "support": 881.0
        },
        "weighted avg": {
          "precision": 0.8278183523590785,
          "recall": 0.8263337116912599,
          "f1-score": 0.8261778657985944,
          "support": 881.0
        }
      },
      "confusion_matrix": [
        [
          376,
          62
        ],
        [
          91,
          352
        ]
      ]
    },
    "roleplay": {
      "macro_f1": 0.8738,
      "accuracy": 0.8739,
      "classification_report": {
        "negative": {
          "precision": 0.8696629213483146,
          "recall": 0.8815489749430524,
          "f1-score": 0.8755656108597285,
          "support": 439.0
        },
        "positive": {
          "precision": 0.8782201405152225,
          "recall": 0.8660508083140878,
          "f1-score": 0.872093023255814,
          "support": 433.0
        },
        "accuracy": 0.8738532110091743,
        "macro avg": {
          "precision": 0.8739415309317685,
          "recall": 0.8737998916285701,
          "f1-score": 0.8738293170577712,
          "support": 872.0
        },